customer_id,customer_city,customer_state,signup_date
C00001,Vieja Côte d'Ivoire,Campeche,2025-10-10
C00002,Vieja Jordania,Chihuahua,2024-02-05
C00003,Vieja Jamaica,Quintana Roo,2024-10-17
C00004,Vieja Polonia,Chihuahua,2023-06-21
C00005,Vieja Paraguay,Michoacán de Ocampo,2025-01-19
C00006,San Dulce de la Montaña,México,2026-03-10
C00007,San Genaro los bajos,Yucatán,2026-05-31
C00008,San Jaqueline de la Montaña,Chiapas,2024-11-15
C00009,Vieja Dinamarca,Sonora,2025-05-28
C00010,Nueva Estados Unidos de América,Baja California Sur,2026-04-23
C00011,Nueva Sri Lanka,Puebla,2026-01-29
C00012,Nueva Sri Lanka,Yucatán,2024-07-12
C00013,Vieja Gabón,Guanajuato,2025-05-17
C00014,San René los bajos,Baja California Sur,2024-12-30
C00015,Nueva Chad,Baja California,2026-01-11
C00016,San Gilberto de la Montaña,México,2025-07-01
C00017,San David de la Montaña,Quintana Roo,2023-09-01
C00018,San Mayte de la Montaña,San Luis Potosí,2024-12-23
C00019,San Isabela de la Montaña,Nayarit,2025-09-20
C00020,Vieja Federación de Rusia,Nuevo León,2025-11-12
C00021,Nueva Chipre,Nuevo León,2024-01-21
C00022,Nueva Italia,Sonora,2023-12-13
C00023,Vieja Timor-Leste,Michoacán de Ocampo,2025-08-09
C00024,Vieja Comoras,Baja California Sur,2026-04-12
C00025,Vieja Tonga,Coahuila de Zaragoza,2024-05-20
C00026,San Cristobal los bajos,Tabasco,2024-06-19
C00027,Vieja Armenia,Guanajuato,2024-06-16
C00028,Vieja Finlandia,Distrito Federal,2025-07-20
C00029,San Raquel de la Montaña,Morelos,2024-08-20
C00030,San Arcelia los bajos,Hidalgo,2026-03-22
C00031,San Claudio los bajos,Coahuila de Zaragoza,2024-08-03
C00032,San Blanca los altos,Sinaloa,2023-07-27
C00033,Nueva Madagascar,Baja California Sur,2025-09-11
C00034,San José Luis de la Montaña,Aguascalientes,2026-03-09
C00035,Nueva Suiza,México,2026-04-02
C00036,Vieja India,Querétaro,2024-10-15
C00037,Nueva Malasia,Durango,2023-07-03
C00038,San Mariana de la Montaña,Baja California,2024-06-26
C00039,San Jaqueline de la Montaña,Coahuila de Zaragoza,2024-04-22
C00040,Vieja China,Coahuila de Zaragoza,2024-10-12
C00041,Vieja Camerún,Querétaro,2024-05-02
C00042,San Angélica de la Montaña,Veracruz de Ignacio de la Llave,2025-02-26
C00043,Nueva República Checa,Oaxaca,2024-09-16
C00044,San Aldo de la Montaña,Morelos,2025-10-27
C00045,San Omar de la Montaña,Aguascalientes,2025-06-29
C00046,San Bernardo los bajos,Sinaloa,2024-02-10
C00047,Vieja Malawi,Guerrero,2024-09-06
C00048,San Zacarías los altos,Tabasco,2026-05-10
C00049,Vieja Fiji,Tamaulipas,2023-07-31
C00050,San Alejandra los altos,Sinaloa,2025-09-15
C00051,Vieja Brasil,Oaxaca,2025-02-02
C00052,San Isabel los bajos,Oaxaca,2025-07-10
C00053,San Gabriel de la Montaña,Jalisco,2023-11-03
C00054,San Guadalupe los bajos,Colima,2023-09-07
C00055,Nueva Libia,Nayarit,2026-05-19
C00056,Nueva Georgia,Aguascalientes,2024-08-26
C00057,Nueva Filipinas,Coahuila de Zaragoza,2025-01-14
C00058,Nueva Ghana,Chihuahua,2023-12-13
C00059,Vieja Côte d'Ivoire,Querétaro,2024-03-25
C00060,Vieja Myanmar,Tamaulipas,2026-03-01
C00061,Nueva Guinea Bissau,Tlaxcala,2024-09-25
C00062,San Zoé los bajos,Veracruz de Ignacio de la Llave,2025-01-07
C00063,San Hernán de la Montaña,Oaxaca,2025-10-17
C00064,San María Luisa los bajos,Nayarit,2026-06-12
C00065,San Mauricio de la Montaña,Sonora,2024-04-12
C00066,Nueva Jordania,Michoacán de Ocampo,2025-03-15
C00067,San Alvaro los bajos,Colima,2023-06-27
C00068,Vieja Georgia,San Luis Potosí,2023-06-22
C00069,Vieja Trinidad y Tabago,Zacatecas,2023-07-02
C00070,Vieja Botswana,Baja California Sur,2025-03-14
C00071,Vieja Grecia,Oaxaca,2025-06-25
C00072,San Marcela los bajos,Colima,2023-12-13
C00073,Vieja Guinea Ecuatorial,Distrito Federal,2025-03-15
C00074,San Rubén los altos,Sinaloa,2023-07-29
C00075,Vieja República de Macedonia del Norte,Oaxaca,2025-04-12
C00076,Vieja Bangladesh,Coahuila de Zaragoza,2025-09-18
C00077,Nueva Letonia,Baja California Sur,2024-08-03
C00078,San Ricardo los bajos,Querétaro,2024-06-30
C00079,Nueva Islas Salomón,Oaxaca,2023-09-06
C00080,San Miguel Ángel los bajos,Querétaro,2023-12-14
C00081,Vieja Bhután,Tlaxcala,2024-05-27
C00082,Nueva Tayikistán,Puebla,2026-06-12
C00083,San Irene los altos,Coahuila de Zaragoza,2023-12-05
C00084,San Abraham de la Montaña,Baja California,2024-05-18
C00085,San Flavio los altos,Zacatecas,2023-07-17
C00086,San Zeferino de la Montaña,Chiapas,2024-06-13
C00087,Nueva Barbados,Guerrero,2024-10-23
C00088,San Marcos de la Montaña,Puebla,2025-09-07
C00089,Nueva Guinea,Guerrero,2024-01-08
C00090,San Luis los altos,San Luis Potosí,2026-03-21
C00091,Vieja Liechtenstein,Querétaro,2025-03-19
C00092,Nueva Bahrein,Guerrero,2025-06-23
C00093,Nueva Nueva Zelandia,Colima,2023-09-01
C00094,San Nadia los altos,Campeche,2025-05-07
C00095,San Blanca los bajos,Jalisco,2024-04-14
C00096,Vieja Tonga,Sinaloa,2023-11-04
C00097,San Augusto los altos,Jalisco,2024-06-29
C00098,Vieja Somalia,Quintana Roo,2024-07-23
C00099,San Teresa los bajos,Hidalgo,2025-06-07
C00100,Nueva Islas Marshall,Michoacán de Ocampo,2023-10-26
C00101,San Joaquín de la Montaña,Aguascalientes,2025-11-14
C00102,Vieja Estados Unidos de América,Nuevo León,2024-03-26
C00103,Nueva Finlandia,Chihuahua,2025-10-21
C00104,San Amanda de la Montaña,Hidalgo,2025-12-09
C00105,Vieja Comoras,Jalisco,2024-10-18
C00106,Nueva Túnez,Zacatecas,2025-07-06
C00107,Vieja Lituania,Zacatecas,2026-01-17
C00108,San Estela los altos,Oaxaca,2023-08-28
C00109,Nueva Comoras,Guanajuato,2023-08-07
C00110,San Nadia los bajos,Quintana Roo,2025-04-03
C00111,Nueva República Popular Democrática de Corea,Michoacán de Ocampo,2024-04-10
C00112,Nueva Noruega,Guerrero,2024-08-17
C00113,San Esmeralda de la Montaña,Nayarit,2025-07-17
C00114,San Guillermo de la Montaña,Zacatecas,2025-08-31
C00115,Vieja Pakistán,Distrito Federal,2024-10-31
C00116,San Gonzalo los bajos,Michoacán de Ocampo,2024-07-29
C00117,San Patricio los bajos,Veracruz de Ignacio de la Llave,2024-12-13
C00118,Nueva Venezuela,Oaxaca,2025-05-27
C00119,Nueva Finlandia,México,2025-02-06
C00120,San Adán los altos,Guerrero,2024-10-13
C00121,San Patricia los bajos,Hidalgo,2024-02-01
C00122,San Rosalia de la Montaña,Guerrero,2025-02-14
C00123,Nueva Emiratos Árabes Unidos,Baja California,2026-05-10
C00124,Nueva República Unida de Tanzanía,Veracruz de Ignacio de la Llave,2024-06-04
C00125,San Diego de la Montaña,Durango,2024-01-03
C00126,Nueva Paraguay,Sinaloa,2025-05-12
C00127,Vieja Rwanda,Chiapas,2025-04-03
C00128,Vieja Belice,Guanajuato,2025-04-17
C00129,Nueva Reino Unido de Gran Bretaña e Irlanda del Norte,Aguascalientes,2025-03-18
C00130,Vieja Ghana,Chihuahua,2023-07-10
C00131,Nueva Federación de Rusia,Baja California,2024-05-16
C00132,San Jos los altos,Morelos,2026-01-27
C00133,Vieja Swazilandia,Oaxaca,2026-02-07
C00134,Nueva Singapur,Michoacán de Ocampo,2026-05-30
C00135,San Óscar los altos,Guerrero,2023-09-18
C00136,San Eduardo de la Montaña,Coahuila de Zaragoza,2025-07-29
C00137,Nueva China,Michoacán de Ocampo,2023-08-25
C00138,San María los altos,México,2025-10-29
C00139,Vieja Angola,Querétaro,2024-05-09
C00140,San Marisol de la Montaña,Distrito Federal,2026-02-28
C00141,Vieja Paraguay,Veracruz de Ignacio de la Llave,2024-08-18
C00142,San Pablo de la Montaña,Sinaloa,2026-06-07
C00143,Nueva Uganda,Nayarit,2023-08-08
C00144,Vieja República Centroafricana,Sinaloa,2024-05-13
C00145,Nueva Chipre,Hidalgo,2026-01-11
C00146,San Rodolfo de la Montaña,Durango,2026-04-16
C00147,Nueva Rumania,Distrito Federal,2026-01-20
C00148,Vieja Yemen,Durango,2026-05-01
C00149,San Florencia los altos,Baja California,2024-08-20
C00150,San Mercedes los bajos,Oaxaca,2024-10-18
C00151,San Miguel los altos,Jalisco,2024-02-15
C00152,Vieja Papua Nueva Guinea,Chihuahua,2025-12-15
C00153,Nueva Granada,Jalisco,2025-09-30
C00154,San Cornelio los altos,Yucatán,2026-03-04
C00155,San Hermelinda los bajos,Hidalgo,2026-05-03
C00156,Nueva Líbano,Zacatecas,2025-08-13
C00157,Vieja Georgia,Chihuahua,2023-06-18
C00158,Nueva República Árabe Siria,Durango,2023-09-18
C00159,San Patricio los bajos,Coahuila de Zaragoza,2024-12-10
C00160,Vieja Nueva Zelandia,Aguascalientes,2026-05-17
C00161,San Blanca los altos,Querétaro,2026-06-14
C00162,Nueva Malawi,Zacatecas,2025-08-01
C00163,Vieja Israel,San Luis Potosí,2024-01-24
C00164,San Renato los altos,Coahuila de Zaragoza,2026-04-14
C00165,San Cristian de la Montaña,Baja California Sur,2025-08-30
C00166,San Clara de la Montaña,Puebla,2023-11-08
C00167,San Dolores de la Montaña,Sinaloa,2026-06-03
C00168,San Reina los bajos,Chihuahua,2025-11-26
C00169,Nueva Italia,Nuevo León,2024-08-30
C00170,Vieja República Checa,Puebla,2024-03-03
C00171,Vieja Kazajstán,Guerrero,2025-03-21
C00172,San Eduardo de la Montaña,Nayarit,2024-09-28
C00173,San Sergio de la Montaña,Querétaro,2024-09-16
C00174,San Abigail los altos,Sinaloa,2024-07-17
C00175,Nueva Canadá,Campeche,2024-03-08
C00176,San Felix los altos,Oaxaca,2026-05-01
C00177,Nueva Dinamarca,Tabasco,2026-02-21
C00178,San Miguel los altos,Quintana Roo,2024-11-21
C00179,Nueva Egipto,Puebla,2025-08-09
C00180,San Raquel los altos,San Luis Potosí,2025-04-04
C00181,Vieja Ucrania,Guanajuato,2024-02-18
C00182,San Ruby los altos,Morelos,2024-08-13
C00183,San Micaela los bajos,Morelos,2025-12-17
C00184,San Rosario los bajos,Guerrero,2026-01-18
C00185,San Fabiola los bajos,Baja California Sur,2024-08-01
C00186,San Esmeralda los altos,Quintana Roo,2025-07-28
C00187,San Isabel los altos,Jalisco,2024-08-18
C00188,Vieja Kazajstán,Chihuahua,2025-02-26
C00189,Nueva Bhután,Morelos,2024-07-17
C00190,Vieja Cabo Verde,Baja California,2025-07-02
C00191,Nueva Montenegro,México,2026-01-14
C00192,Nueva Panamá,Guerrero,2024-06-09
C00193,Vieja Dinamarca,Nuevo León,2023-11-06
C00194,San Yuridia los bajos,Querétaro,2026-02-04
C00195,Vieja Qatar,Nuevo León,2023-10-18
C00196,Nueva Bulgaria,Distrito Federal,2024-05-20
C00197,San Gerónimo de la Montaña,Nayarit,2025-01-13
C00198,Vieja Luxemburgo,Guanajuato,2023-09-28
C00199,San Carlota los bajos,Oaxaca,2025-07-11
C00200,Nueva Bélgica,Distrito Federal,2025-08-09
C00201,Nueva Líbano,Puebla,2024-05-03
C00202,Nueva Kenya,Morelos,2023-06-30
C00203,San Adela de la Montaña,Tlaxcala,2024-07-25
C00204,San Marisol los altos,Chiapas,2025-11-04
C00205,Vieja Mali,Tabasco,2023-07-17
C00206,San Mauricio los bajos,Colima,2024-09-28
C00207,Vieja Estados Unidos de América,Colima,2026-01-08
C00208,Nueva Nigeria,Morelos,2024-04-18
C00209,San Vanesa los bajos,Durango,2024-06-27
C00210,Nueva Yemen,Puebla,2024-03-14
C00211,San Reynaldo los altos,Coahuila de Zaragoza,2024-05-29
C00212,Vieja Mali,Aguascalientes,2023-09-09
C00213,San Caridad los altos,Hidalgo,2026-02-25
C00214,San Óscar los bajos,Chiapas,2024-08-12
C00215,San Ricardo los altos,Campeche,2023-07-28
C00216,Vieja Libia,Michoacán de Ocampo,2024-11-01
C00217,San Sessa de la Montaña,Veracruz de Ignacio de la Llave,2026-04-15
C00218,Nueva Micronesia,Chihuahua,2023-09-20
C00219,San Adriana los bajos,Aguascalientes,2024-02-09
C00220,San Zeferino los altos,Durango,2023-12-30
C00221,Nueva Libia,Chiapas,2023-11-15
C00222,San Leonor los altos,Yucatán,2023-10-23
C00223,Nueva Niger,Durango,2026-02-28
C00224,Vieja Irlanda,Jalisco,2024-06-29
C00225,San Wendolin de la Montaña,Distrito Federal,2024-01-15
C00226,San Indira los altos,Sinaloa,2025-06-25
C00227,Vieja Ghana,Querétaro,2024-12-01
C00228,Vieja Santa Lucía,Oaxaca,2024-06-05
C00229,San Benito los bajos,Tlaxcala,2024-06-11
C00230,San Dolores los altos,Nayarit,2024-08-22
C00231,Nueva Yemen,Tamaulipas,2023-10-11
C00232,Nueva Etiopía,Durango,2023-06-18
C00233,San Noelia de la Montaña,Puebla,2025-08-01
C00234,San Leonel los bajos,Baja California,2023-09-26
C00235,Vieja República de Macedonia del Norte,Baja California Sur,2023-11-18
C00236,Nueva Serbia,Aguascalientes,2024-02-09
C00237,Nueva Comoras,Nayarit,2025-03-18
C00238,San Anel los bajos,México,2025-07-17
C00239,San Diana los bajos,Sonora,2025-05-11
C00240,San Ricardo los altos,Tamaulipas,2025-11-01
C00241,Nueva Jordania,Campeche,2024-01-16
C00242,San Guillermina los altos,Aguascalientes,2025-04-23
C00243,San Claudia de la Montaña,San Luis Potosí,2026-03-21
C00244,Vieja Camboya,Distrito Federal,2026-02-01
C00245,San Luis Miguel los bajos,Colima,2024-08-28
C00246,San Renato los altos,Michoacán de Ocampo,2025-01-03
C00247,San Gabriel de la Montaña,Veracruz de Ignacio de la Llave,2025-08-04
C00248,San Anel los altos,Tamaulipas,2024-07-06
C00249,San Ernesto los altos,Chiapas,2023-07-11
C00250,San Alma de la Montaña,Sinaloa,2024-02-09
C00251,San Cornelio los bajos,México,2024-07-23
C00252,San Claudio los bajos,Zacatecas,2024-11-11
C00253,Nueva Nauru,Quintana Roo,2026-06-03
C00254,Vieja Jamaica,Aguascalientes,2025-04-08
C00255,Vieja Polonia,México,2025-05-30
C00256,San Yeni los altos,Guerrero,2025-06-23
C00257,San María Teresa los bajos,Baja California Sur,2024-10-05
C00258,San Verónica los altos,México,2024-07-09
C00259,Nueva Benin,Tlaxcala,2023-09-30
C00260,Vieja Niger,Zacatecas,2023-08-27
C00261,Nueva Kiribati,Nuevo León,2025-07-24
C00262,San Zeferino los bajos,Tamaulipas,2023-08-24
C00263,Nueva España,Yucatán,2026-01-15
C00264,San Zeferino de la Montaña,Baja California,2023-12-15
C00265,San Zeferino los bajos,Veracruz de Ignacio de la Llave,2025-05-05
C00266,Nueva Bhután,Tlaxcala,2024-04-10
C00267,San Roberto los altos,Chihuahua,2024-07-31
C00268,Vieja Belice,Campeche,2025-10-25
C00269,Vieja Tailandia,Distrito Federal,2023-11-17
C00270,Nueva República Centroafricana,Tabasco,2024-01-22
C00271,San Amanda de la Montaña,Aguascalientes,2024-12-09
C00272,Vieja Cuba,San Luis Potosí,2025-10-09
C00273,San Mónica de la Montaña,México,2023-07-06
C00274,San Aurora los bajos,Baja California Sur,2026-02-01
C00275,Nueva República de Moldova,Baja California,2025-03-23
C00276,Vieja Afganistán,Guerrero,2023-12-10
C00277,San José María de la Montaña,Campeche,2024-05-11
C00278,San Rosa de la Montaña,Tabasco,2025-07-19
C00279,Vieja Mauricio,Morelos,2026-05-30
C00280,San Alma de la Montaña,Nuevo León,2024-09-27
C00281,San Catalina los bajos,Colima,2026-01-22
C00282,San Helena de la Montaña,Chiapas,2024-03-14
C00283,San Samuel de la Montaña,Nayarit,2023-06-17
C00284,San Zacarías los altos,Zacatecas,2025-09-20
C00285,San Zoé los bajos,Nuevo León,2025-04-05
C00286,San Cecilia los altos,Tlaxcala,2025-04-04
C00287,Nueva Vanuatu,Baja California Sur,2026-03-07
C00288,Vieja Arabia Saudita,Yucatán,2025-12-28
C00289,Nueva Austria,Nayarit,2024-04-29
C00290,Nueva Sudán,Michoacán de Ocampo,2025-08-21
C00291,San Vanesa de la Montaña,Quintana Roo,2025-03-20
C00292,Nueva Bhután,Guanajuato,2023-09-26
C00293,Vieja Marruecos,Jalisco,2025-04-07
C00294,Vieja Venezuela,Tabasco,2024-10-25
C00295,San Guillermina los bajos,Yucatán,2025-09-15
C00296,Nueva Seychelles,Jalisco,2026-05-30
C00297,Nueva Tayikistán,Campeche,2024-01-25
C00298,Vieja Francia,Durango,2025-07-13
C00299,San Salvador de la Montaña,San Luis Potosí,2026-03-14
C00300,San Jacinto los bajos,Querétaro,2025-06-30
C00301,Vieja Cuba,Guerrero,2026-04-11
C00302,San Horacio los bajos,Oaxaca,2025-11-19
C00303,San Cristian los altos,Sonora,2025-11-15
C00304,San Blanca los altos,Baja California Sur,2024-11-23
C00305,Vieja Kazajstán,Michoacán de Ocampo,2026-04-12
C00306,Nueva Brunei Darussalam,Distrito Federal,2025-04-05
C00307,Nueva Mauricio,Chiapas,2026-03-14
C00308,Vieja Eritrea,Chiapas,2025-12-29
C00309,Vieja Maldivas,Distrito Federal,2024-10-26
C00310,San Mariano de la Montaña,Campeche,2023-12-28
C00311,Nueva Canadá,Durango,2024-12-24
C00312,Vieja Zimbabwe,Sinaloa,2026-04-06
C00313,San Ramiro los bajos,Baja California Sur,2026-05-26
C00314,San Zacarías los altos,Campeche,2025-10-10
C00315,San José María los bajos,Durango,2025-04-23
C00316,Nueva Letonia,Chihuahua,2024-05-18
C00317,Vieja República de Corea,Jalisco,2026-05-19
C00318,Nueva Fiji,Distrito Federal,2024-11-26
C00319,Nueva Túnez,Guanajuato,2024-07-02
C00320,San Daniel los altos,Aguascalientes,2025-09-05
C00321,Nueva Saint Kitts y Nevis,Campeche,2025-07-29
C00322,Vieja República Federal Democrática de Nepal,Quintana Roo,2026-05-21
C00323,San Luis Miguel los altos,Nuevo León,2025-07-11
C00324,San María los altos,Coahuila de Zaragoza,2026-01-17
C00325,Nueva Jamaica,Coahuila de Zaragoza,2025-03-03
C00326,Nueva Mauricio,Nayarit,2025-07-12
C00327,San Homero los bajos,Zacatecas,2025-01-09
C00328,San Amanda los altos,Hidalgo,2025-08-08
C00329,Vieja Panamá,Tabasco,2024-05-29
C00330,San Concepción de la Montaña,Baja California,2025-11-11
C00331,Vieja Zimbabwe,Colima,2023-09-17
C00332,Vieja El Salvador,Campeche,2024-08-30
C00333,San Vicente los bajos,Michoacán de Ocampo,2024-10-13
C00334,San Mayte los bajos,Jalisco,2024-08-18
C00335,Vieja Federación de Rusia,Zacatecas,2026-02-02
C00336,San Vicente los altos,Nuevo León,2026-06-03
C00337,San Rufino de la Montaña,Morelos,2025-10-02
C00338,Nueva Marruecos,Hidalgo,2025-01-07
C00339,San Martín de la Montaña,San Luis Potosí,2025-03-16
C00340,Nueva Kenya,Sinaloa,2023-09-08
C00341,San Carla los bajos,Quintana Roo,2026-03-04
C00342,Vieja República Democrática Popular Lao,México,2026-01-08
C00343,San Noelia los bajos,Coahuila de Zaragoza,2023-12-05
C00344,San Virginia los altos,Sinaloa,2024-04-17
C00345,Nueva Lituania,Tlaxcala,2023-10-15
C00346,Vieja Barbados,Nayarit,2023-11-14
C00347,San Verónica los bajos,Campeche,2023-11-06
C00348,Vieja Argelia,Quintana Roo,2024-12-14
C00349,Nueva Trinidad y Tabago,Aguascalientes,2023-08-11
C00350,San Daniel de la Montaña,Quintana Roo,2025-04-02
C00351,Nueva Myanmar,Veracruz de Ignacio de la Llave,2025-01-07
C00352,Nueva República Popular Democrática de Corea,Guerrero,2023-11-20
C00353,San Hilda los altos,Guerrero,2025-04-08
C00354,Vieja Bahamas,Aguascalientes,2023-06-28
C00355,San Adela de la Montaña,Yucatán,2024-04-06
C00356,San Zeferino los bajos,Tlaxcala,2024-11-29
C00357,Nueva Rwanda,Sonora,2024-11-06
C00358,San Berta de la Montaña,Sinaloa,2026-04-20
C00359,San Gloria los bajos,Oaxaca,2023-11-30
C00360,San Jaime los bajos,Morelos,2024-06-19
C00361,Vieja Federación de Rusia,Coahuila de Zaragoza,2024-08-17
C00362,San Gloria de la Montaña,Morelos,2024-06-04
C00363,San Vicente de la Montaña,Tamaulipas,2024-02-15
C00364,San Socorro de la Montaña,Tamaulipas,2025-03-27
C00365,Vieja Reino Unido de Gran Bretaña e Irlanda del Norte,Querétaro,2025-02-05
C00366,Nueva Kazajstán,Quintana Roo,2025-03-25
C00367,San Francisco los bajos,Colima,2024-02-07
C00368,San José Emilio de la Montaña,Michoacán de Ocampo,2026-03-31
C00369,Vieja Bosnia y Herzegovina,Nuevo León,2025-12-08
C00370,Vieja Andorra,México,2025-09-12
C00371,San Mónica los bajos,Chihuahua,2024-02-23
C00372,Vieja Australia,Nuevo León,2025-10-21
C00373,Vieja Camboya,Quintana Roo,2023-11-27
C00374,Nueva Sierra Leona,Sonora,2024-09-20
C00375,San Bianca los altos,Oaxaca,2024-03-23
C00376,Vieja Kazajstán,Querétaro,2025-04-05
C00377,San Porfirio de la Montaña,Querétaro,2024-07-06
C00378,Vieja Papua Nueva Guinea,Yucatán,2024-03-02
C00379,San Mauro de la Montaña,Tamaulipas,2025-09-22
C00380,San Rosalia los bajos,Baja California,2025-10-01
C00381,Vieja República de Macedonia del Norte,Durango,2025-11-26
C00382,San Antonia los altos,Baja California Sur,2025-08-06
C00383,San Camila de la Montaña,Baja California,2024-09-22
C00384,Nueva Senegal,Veracruz de Ignacio de la Llave,2024-01-26
C00385,San Sessa los altos,México,2023-08-27
C00386,Nueva Turkmenistán,Jalisco,2024-06-13
C00387,San Silvia los bajos,Zacatecas,2024-12-22
C00388,Vieja Costa Rica,Coahuila de Zaragoza,2024-03-03
C00389,San José los bajos,Sonora,2026-02-18
C00390,San Hilda de la Montaña,Morelos,2025-07-11
C00391,Nueva Finlandia,Campeche,2026-06-06
C00392,San Enrique los bajos,Morelos,2025-07-09
C00393,San Andrés los altos,Chiapas,2025-06-30
C00394,Vieja Togo,Morelos,2025-08-09
C00395,Nueva Barbados,Nayarit,2025-01-23
C00396,Vieja Panamá,Chihuahua,2024-03-19
C00397,San Liliana los bajos,San Luis Potosí,2024-12-31
C00398,Nueva Chile,Coahuila de Zaragoza,2024-12-19
C00399,San Antonio los bajos,Coahuila de Zaragoza,2026-05-12
C00400,San Jerónimo los altos,Tlaxcala,2024-11-10
C00401,Nueva Saint Kitts y Nevis,Durango,2025-06-14
C00402,San Violeta los bajos,Zacatecas,2025-07-28
C00403,Vieja Guyana,Veracruz de Ignacio de la Llave,2026-06-11
C00404,Nueva Gambia,Quintana Roo,2025-09-22
C00405,Nueva Trinidad y Tabago,Sonora,2024-12-20
C00406,San Adela de la Montaña,Veracruz de Ignacio de la Llave,2024-05-22
C00407,San Germán de la Montaña,Zacatecas,2024-08-20
C00408,Nueva República de Macedonia del Norte,Zacatecas,2024-01-03
C00409,Vieja Emiratos Árabes Unidos,Hidalgo,2025-03-04
C00410,Vieja Jordania,Hidalgo,2024-09-29
C00411,San Mauro los altos,Chihuahua,2024-01-25
C00412,Vieja Tuvalu,Tamaulipas,2025-03-19
C00413,Nueva Países Bajos,Morelos,2024-11-11
C00414,Nueva Benin,Chihuahua,2024-03-12
C00415,San Paulina los altos,Durango,2023-12-12
C00416,Vieja Bahamas,Querétaro,2024-07-24
C00417,Vieja Nigeria,Tlaxcala,2025-08-27
C00418,Nueva Bahamas,Guerrero,2024-06-30
C00419,San Estefanía los altos,Sinaloa,2025-03-12
C00420,San Jonás los altos,Morelos,2024-08-10
C00421,San Fabiola los altos,Aguascalientes,2025-08-20
C00422,Vieja Chile,México,2023-07-22
C00423,San Bernabé de la Montaña,Morelos,2024-11-01
C00424,San Raquel los bajos,Yucatán,2023-08-08
C00425,Nueva Uruguay,Chiapas,2025-01-26
C00426,Vieja Sri Lanka,Morelos,2025-04-16
C00427,San Ignacio los altos,Chiapas,2024-12-15
C00428,San Silvano de la Montaña,Yucatán,2024-07-30
C00429,San Pablo de la Montaña,Baja California,2026-03-29
C00430,Nueva Pakistán,Jalisco,2026-03-29
C00431,Nueva Argelia,Sinaloa,2025-03-20
C00432,San Magdalena los bajos,Michoacán de Ocampo,2026-02-09
C00433,Nueva Zambia,Guanajuato,2025-10-25
C00434,San Manuel los altos,Oaxaca,2025-05-28
C00435,Nueva Papua Nueva Guinea,Baja California Sur,2024-04-01
C00436,Vieja Senegal,Campeche,2024-05-16
C00437,Nueva Cabo Verde,Jalisco,2026-01-08
C00438,Vieja Burundi,Veracruz de Ignacio de la Llave,2026-01-03
C00439,San Jos de la Montaña,Guanajuato,2024-01-23
C00440,Nueva Honduras,Campeche,2024-08-26
C00441,Vieja Guinea Ecuatorial,Michoacán de Ocampo,2026-05-13
C00442,San Elsa los bajos,Jalisco,2026-04-04
C00443,San Diana los bajos,Querétaro,2023-11-20
C00444,Nueva Sudán,Nayarit,2026-01-27
C00445,San Miguel Ángel los altos,Distrito Federal,2024-01-12
C00446,Vieja Niger,Querétaro,2025-12-11
C00447,San María Luisa los bajos,Sonora,2024-12-06
C00448,San Leticia los altos,Sinaloa,2026-03-13
C00449,San Luz los bajos,Oaxaca,2024-12-12
C00450,Vieja Cabo Verde,Chihuahua,2026-05-31
C00451,San Patricia los altos,Aguascalientes,2023-12-16
C00452,San Alberto los altos,Yucatán,2026-04-27
C00453,Nueva España,Veracruz de Ignacio de la Llave,2023-11-16
C00454,Nueva República Federal Democrática de Nepal,Distrito Federal,2025-02-17
C00455,San Reynaldo los altos,Campeche,2023-10-08
C00456,Vieja Venezuela,Michoacán de Ocampo,2026-04-13
C00457,San Tomás los bajos,Jalisco,2025-10-11
C00458,Nueva Kenya,Morelos,2025-07-29
C00459,San Óscar los altos,Jalisco,2025-10-14
C00460,San Noemí los altos,Quintana Roo,2026-06-12
C00461,San Paulina de la Montaña,Nayarit,2024-04-02
C00462,Vieja Seychelles,Baja California Sur,2023-10-03
C00463,Nueva Albania,Chihuahua,2024-07-20
C00464,San Noemí los altos,Guerrero,2024-02-28
C00465,San Verónica los bajos,Durango,2025-10-11
C00466,San Cristian los altos,Morelos,2026-03-27
C00467,San Amelia los bajos,Guanajuato,2024-02-03
C00468,Vieja Irán,Veracruz de Ignacio de la Llave,2025-03-24
C00469,Nueva Países Bajos,Jalisco,2023-12-07
C00470,Nueva Sierra Leona,Querétaro,2023-07-01
C00471,Nueva República Dominicana,Morelos,2025-11-11
C00472,Nueva Granada,México,2025-12-05
C00473,San Alberto los altos,Tabasco,2023-08-22
C00474,Vieja Costa Rica,Distrito Federal,2025-10-09
C00475,San Andrea de la Montaña,San Luis Potosí,2023-10-07
C00476,San Wendolin de la Montaña,Michoacán de Ocampo,2024-08-18
C00477,Nueva Reino Unido de Gran Bretaña e Irlanda del Norte,Yucatán,2023-06-22
C00478,Nueva Croacia,Morelos,2024-05-22
C00479,San Magdalena los altos,Coahuila de Zaragoza,2026-05-18
C00480,San Julio los altos,Campeche,2024-05-12
C00481,San Reynaldo de la Montaña,Durango,2025-07-31
C00482,San Evelio de la Montaña,Chihuahua,2024-05-19
C00483,Vieja Suecia,Morelos,2026-05-21
C00484,Nueva Swazilandia,Morelos,2024-09-24
C00485,Nueva Guinea,Tamaulipas,2026-01-15
C00486,Nueva Senegal,Nuevo León,2024-04-09
C00487,Vieja Eslovenia,San Luis Potosí,2023-06-18
C00488,Nueva Liechtenstein,Querétaro,2024-06-17
C00489,Nueva Tonga,México,2023-08-31
C00490,San Samuel los bajos,Quintana Roo,2024-05-02
C00491,Vieja Hungría,Puebla,2023-10-11
C00492,San Manuel de la Montaña,Tlaxcala,2025-12-18
C00493,Nueva Zambia,México,2025-09-22
C00494,Vieja Sudáfrica,Colima,2023-08-22
C00495,San Bruno de la Montaña,Campeche,2025-10-20
C00496,San Zeferino los altos,Chihuahua,2026-05-07
C00497,Nueva Antigua y Barbuda,Campeche,2026-03-18
C00498,Nueva Islas Marshall,Durango,2024-06-02
C00499,Vieja Luxemburgo,Coahuila de Zaragoza,2024-03-21
C00500,San Martín los altos,Aguascalientes,2024-07-08
C00501,Vieja Egipto,Coahuila de Zaragoza,2025-06-20
C00502,Nueva Reino Unido de Gran Bretaña e Irlanda del Norte,San Luis Potosí,2025-02-07
C00503,Vieja República de Corea,Sinaloa,2024-08-19
C00504,Vieja Filipinas,Durango,2024-01-05
C00505,San Ramón los altos,Tlaxcala,2024-04-07
C00506,Nueva Tuvalu,Jalisco,2025-10-21
C00507,Vieja Bulgaria,México,2024-07-12
C00508,Nueva Angola,Chiapas,2025-10-08
C00509,San Rosa de la Montaña,Coahuila de Zaragoza,2023-10-13
C00510,San Alma de la Montaña,Guanajuato,2025-09-19
C00511,San Bernardo los bajos,Chiapas,2024-09-09
C00512,Nueva Paraguay,Tlaxcala,2024-01-23
C00513,Nueva Colombia,Guanajuato,2025-12-08
C00514,San Mario de la Montaña,Querétaro,2025-11-16
C00515,San Horacio los altos,Durango,2026-06-07
C00516,Vieja Singapur,Oaxaca,2025-03-06
C00517,Vieja Kiribati,Distrito Federal,2023-11-11
C00518,San José Luis de la Montaña,San Luis Potosí,2026-04-22
C00519,Vieja Djibouti,Hidalgo,2025-03-29
C00520,San Guadalupe los bajos,Aguascalientes,2024-04-02
C00521,San Mercedes los altos,Baja California Sur,2026-01-05
C00522,Vieja Sudáfrica,Coahuila de Zaragoza,2026-04-07
C00523,San Perla de la Montaña,Michoacán de Ocampo,2025-05-30
C00524,Nueva Nicaragua,Chiapas,2023-12-02
C00525,Vieja Belarús,Baja California Sur,2024-06-15
C00526,Vieja Santa Lucía,Oaxaca,2024-05-20
C00527,Nueva Senegal,Guanajuato,2024-07-30
C00528,San Araceli los altos,Sonora,2026-01-13
C00529,San Nelly los bajos,Sonora,2023-10-05
C00530,San Porfirio de la Montaña,Zacatecas,2025-04-26
C00531,Nueva Vanuatu,Veracruz de Ignacio de la Llave,2024-12-22
C00532,San Salma de la Montaña,Nayarit,2024-07-24
C00533,San Leonardo los bajos,Chihuahua,2024-12-22
C00534,San Julio los altos,Guerrero,2024-01-31
C00535,San Ernesto los altos,México,2025-02-27
C00536,Vieja Tailandia,Tamaulipas,2023-12-05
C00537,San Sergio los altos,Zacatecas,2026-01-07
C00538,Nueva Congo,Oaxaca,2024-06-29
C00539,Vieja España,Jalisco,2026-01-20
C00540,Nueva Sri Lanka,Durango,2025-02-14
C00541,San Gerónimo de la Montaña,Sonora,2024-04-02
C00542,San Dulce María de la Montaña,Sonora,2024-01-09
C00543,Vieja Francia,Durango,2026-03-04
C00544,Nueva Islas Marshall,Sinaloa,2026-01-08
C00545,San Renato de la Montaña,Coahuila de Zaragoza,2023-07-15
C00546,Nueva Serbia,Morelos,2023-07-08
C00547,Vieja Guinea,San Luis Potosí,2024-02-26
C00548,Vieja Letonia,Nayarit,2024-07-06
C00549,San Aida los bajos,Nayarit,2024-10-05
C00550,Nueva Polonia,Durango,2025-04-17
C00551,San Sessa los bajos,Zacatecas,2025-08-23
C00552,San Linda de la Montaña,Zacatecas,2024-06-07
C00553,San Cynthia de la Montaña,Oaxaca,2025-10-19
C00554,San Luisa de la Montaña,Tlaxcala,2025-12-18
C00555,Nueva Ucrania,Durango,2026-01-10
C00556,San Silvia los bajos,Yucatán,2023-10-23
C00557,Nueva Reino Unido de Gran Bretaña e Irlanda del Norte,Chiapas,2023-08-25
C00558,Vieja Iraq,Yucatán,2025-08-26
C00559,Vieja San Vicente y las Granadinas,Puebla,2024-06-08
C00560,San Mariano de la Montaña,San Luis Potosí,2026-05-07
C00561,San Karla los bajos,Chiapas,2025-10-25
C00562,Vieja Grecia,Jalisco,2024-10-08
C00563,Vieja Uzbekistán,Jalisco,2024-07-13
C00564,Vieja Colombia,Querétaro,2025-02-02
C00565,Nueva Afganistán,Tamaulipas,2023-08-26
C00566,San Emilio los bajos,Zacatecas,2025-09-15
C00567,San Mariano de la Montaña,Tabasco,2024-12-29
C00568,San José Luis los altos,Sonora,2026-06-12
C00569,San José Manuél los bajos,Colima,2023-08-29
C00570,Vieja República Federal Democrática de Nepal,Oaxaca,2025-11-06
C00571,Vieja Uruguay,Aguascalientes,2025-02-18
C00572,San Olga de la Montaña,Yucatán,2024-01-15
C00573,San Lucas los bajos,Baja California,2023-09-21
C00574,San Abigail los altos,Puebla,2025-06-29
C00575,Nueva Austria,Durango,2023-09-03
C00576,San Mario los bajos,Coahuila de Zaragoza,2024-04-19
C00577,Vieja Burkina Faso,Sinaloa,2025-03-25
C00578,Nueva Kiribati,Chiapas,2024-09-20
C00579,Nueva Sudáfrica,Baja California Sur,2024-03-19
C00580,San Elias los altos,Morelos,2025-03-28
C00581,San Jaqueline los bajos,San Luis Potosí,2025-06-01
C00582,Vieja Trinidad y Tabago,Colima,2023-06-21
C00583,San Marisela los altos,Baja California Sur,2025-05-08
C00584,Vieja Zambia,Guanajuato,2024-08-03
C00585,Nueva Colombia,Tlaxcala,2024-05-26
C00586,San Leonor de la Montaña,Hidalgo,2025-08-17
C00587,Vieja Burundi,Morelos,2025-07-26
C00588,San Alejandro los bajos,Chiapas,2025-02-05
C00589,Vieja Santa Lucía,Morelos,2026-04-20
C00590,San Débora los altos,Nuevo León,2025-11-28
C00591,San Cristina los bajos,Quintana Roo,2025-12-05
C00592,San Ruby de la Montaña,Michoacán de Ocampo,2025-09-24
C00593,San Darío los bajos,Guanajuato,2023-08-28
C00594,Nueva Libia,Colima,2025-07-16
C00595,San Armando de la Montaña,Nayarit,2026-06-06
C00596,San Guillermina de la Montaña,Distrito Federal,2025-02-08
C00597,San Fidel los bajos,Yucatán,2024-09-03
C00598,San Silvano los altos,Colima,2023-09-05
C00599,San Dolores de la Montaña,San Luis Potosí,2024-10-04
C00600,San Vanesa los bajos,Veracruz de Ignacio de la Llave,2026-06-11
C00601,Nueva Fiji,Tamaulipas,2026-04-13
C00602,Vieja Colombia,Campeche,2026-01-22
C00603,San Georgina los bajos,Querétaro,2024-09-15
C00604,Nueva Papua Nueva Guinea,San Luis Potosí,2025-06-05
C00605,Nueva Gabón,Sonora,2026-02-16
C00606,San Linda de la Montaña,Zacatecas,2024-03-21
C00607,Nueva Austria,Tabasco,2026-04-06
C00608,Vieja Panamá,Guerrero,2025-08-10
C00609,Nueva Guinea Bissau,Veracruz de Ignacio de la Llave,2024-09-28
C00610,Nueva Nauru,Tabasco,2026-06-02
C00611,San Felix los bajos,Querétaro,2026-05-11
C00612,San Guillermina de la Montaña,Yucatán,2023-08-27
C00613,San Nayeli de la Montaña,Campeche,2024-10-27
C00614,San Germán los altos,Durango,2024-10-26
C00615,San Florencia los altos,Nuevo León,2025-09-24
C00616,San Lucía los bajos,Colima,2025-11-24
C00617,Nueva Bolivia,Baja California Sur,2025-11-01
C00618,Nueva Belarús,Campeche,2025-09-27
C00619,San Liliana de la Montaña,Sonora,2025-11-26
C00620,Nueva República Democrática del Congo,Guerrero,2025-05-15
C00621,San Gabriel de la Montaña,Hidalgo,2024-09-04
C00622,Nueva El Salvador,Oaxaca,2025-10-22
C00623,San Sessa los altos,Campeche,2026-01-13
C00624,San Oswaldo los altos,Jalisco,2026-03-17
C00625,Vieja Serbia,Yucatán,2026-03-31
C00626,Nueva Islas Salomón,Morelos,2024-04-06
C00627,Nueva Fiji,Hidalgo,2024-10-04
C00628,San Tania los altos,Guerrero,2026-01-03
C00629,San Susana los bajos,Jalisco,2024-07-30
C00630,San Enrique los bajos,Guerrero,2023-08-22
C00631,Nueva Afganistán,Quintana Roo,2024-03-21
C00632,San Federico los bajos,Guanajuato,2023-09-17
C00633,San Martín los altos,Aguascalientes,2024-06-27
C00634,Nueva Zambia,Guanajuato,2023-10-17
C00635,Nueva Gabón,Oaxaca,2024-12-31
C00636,San Leonardo los altos,México,2025-04-27
C00637,San Ignacio los bajos,Hidalgo,2025-01-17
C00638,San Abelardo de la Montaña,Durango,2026-01-19
C00639,Nueva Irlanda,Sinaloa,2023-08-14
C00640,Nueva Países Bajos,Nuevo León,2025-08-04
C00641,Vieja Guatemala,Chihuahua,2025-03-16
C00642,Vieja Kuwait,Durango,2023-07-04
C00643,San Guillermina los bajos,San Luis Potosí,2025-08-06
C00644,Nueva Albania,Tabasco,2026-06-06
C00645,Vieja República Checa,Baja California Sur,2024-05-25
C00646,San Laura de la Montaña,Tabasco,2026-05-18
C00647,San Federico los bajos,Oaxaca,2023-09-10
C00648,San Juan los altos,Chihuahua,2025-07-18
C00649,San Andrea de la Montaña,Zacatecas,2025-12-09
C00650,San Minerva de la Montaña,Veracruz de Ignacio de la Llave,2024-10-08
C00651,Nueva Mauricio,Colima,2025-04-20
C00652,Nueva Bolivia,Tlaxcala,2024-12-24
C00653,San Leonor los bajos,Distrito Federal,2025-04-22
C00654,San Carlota los altos,Coahuila de Zaragoza,2025-10-16
C00655,San Carmen los altos,Tamaulipas,2024-01-21
C00656,San Anel los altos,Chihuahua,2025-02-26
C00657,San Luis los altos,Distrito Federal,2023-10-19
C00658,Vieja República de Corea,Quintana Roo,2024-11-21
C00659,Vieja Filipinas,Coahuila de Zaragoza,2025-01-10
C00660,San Rolando los bajos,Jalisco,2025-02-26
C00661,San Nicolás de la Montaña,Zacatecas,2025-06-15
C00662,Nueva España,Nayarit,2025-06-11
C00663,Nueva Micronesia,Quintana Roo,2026-02-09
C00664,Vieja Albania,Campeche,2025-12-21
C00665,San Emilio los altos,Nayarit,2025-07-28
C00666,Vieja Timor-Leste,Guanajuato,2025-03-12
C00667,Vieja Rwanda,Sonora,2025-10-16
C00668,San Esteban de la Montaña,Querétaro,2026-01-04
C00669,San Celia de la Montaña,San Luis Potosí,2025-11-04
C00670,Vieja Egipto,San Luis Potosí,2025-03-25
C00671,Vieja Finlandia,Sinaloa,2023-08-06
C00672,San Elena los altos,Guanajuato,2024-07-18
C00673,San Ivonne los altos,Baja California Sur,2023-09-04
C00674,San José Luis los altos,Baja California Sur,2025-09-03
C00675,Nueva Seychelles,Yucatán,2026-04-18
C00676,San Alejandra de la Montaña,Guerrero,2024-08-02
C00677,Vieja Santa Lucía,Jalisco,2024-12-17
C00678,San Emilia los altos,Michoacán de Ocampo,2024-11-27
C00679,San Citlali los bajos,Nayarit,2023-10-10
C00680,San Hermelinda los altos,Nayarit,2023-06-25
C00681,Nueva Belice,Nayarit,2025-11-08
C00682,San Alberto los bajos,Chiapas,2023-12-25
C00683,Vieja Afganistán,Tabasco,2025-06-03
C00684,Nueva Guyana,Puebla,2024-11-02
C00685,San Lourdes los bajos,Hidalgo,2023-12-29
C00686,San Zoé los altos,Sonora,2024-02-18
C00687,San Vanesa de la Montaña,Baja California Sur,2025-10-05
C00688,Nueva Libia,Sonora,2025-06-18
C00689,San Eva los bajos,Michoacán de Ocampo,2025-05-17
C00690,San Catalina los altos,Morelos,2023-11-29
C00691,Vieja Gambia,Distrito Federal,2023-06-25
C00692,San Zeferino los altos,Puebla,2024-05-10
C00693,San Leonor los altos,Quintana Roo,2024-12-14
C00694,San Serafín de la Montaña,Yucatán,2025-04-01
C00695,Nueva Islas Salomón,Chihuahua,2024-03-07
C00696,San Sergio de la Montaña,Chiapas,2026-05-26
C00697,San Jesús los altos,Baja California,2026-02-15
C00698,San Violeta los bajos,Oaxaca,2025-10-10
C00699,Nueva Jordania,Veracruz de Ignacio de la Llave,2023-12-02
C00700,San Víctor los bajos,Morelos,2025-07-07
C00701,San Uriel de la Montaña,Durango,2025-07-21
C00702,Vieja Myanmar,Querétaro,2025-09-19
C00703,San Andrés los bajos,Distrito Federal,2025-05-06
C00704,Nueva Eslovaquia,Puebla,2024-02-06
C00705,San Ofelia los bajos,Sinaloa,2026-05-23
C00706,San Anabel los bajos,Distrito Federal,2025-05-17
C00707,San Graciela de la Montaña,México,2026-01-19
C00708,Vieja Noruega,Chihuahua,2026-04-07
C00709,San Germán los bajos,Querétaro,2025-06-17
C00710,Vieja Haití,Chiapas,2026-02-19
C00711,Nueva República Centroafricana,Jalisco,2024-07-07
C00712,Nueva Honduras,Oaxaca,2025-04-16
C00713,San Jaime los altos,Yucatán,2023-11-16
C00714,Vieja Bahrein,Coahuila de Zaragoza,2024-11-16
C00715,Nueva Tonga,Sinaloa,2024-01-03
C00716,San Linda de la Montaña,Coahuila de Zaragoza,2025-01-17
C00717,Vieja Malawi,Tamaulipas,2024-11-06
C00718,Nueva Swazilandia,Nuevo León,2023-11-19
C00719,Nueva Santo Tomé y Príncipe,Sonora,2023-08-16
C00720,Vieja Portugal,Guanajuato,2024-02-14
C00721,San Ángel los bajos,Aguascalientes,2025-12-06
C00722,San Antonia de la Montaña,Michoacán de Ocampo,2024-07-01
C00723,Vieja Mauritania,Yucatán,2024-09-14
C00724,Vieja Mozambique,Guerrero,2024-03-31
C00725,Nueva Egipto,Guerrero,2025-10-28
C00726,San Celia de la Montaña,Nayarit,2023-11-20
C00727,San Concepción los altos,Chiapas,2024-11-30
C00728,San Estefanía los bajos,Sinaloa,2025-12-08
C00729,San José Manuél los altos,Campeche,2024-04-25
C00730,Vieja Swazilandia,Chihuahua,2025-06-09
C00731,San María del Carmen de la Montaña,Quintana Roo,2023-08-26
C00732,Nueva Mali,Querétaro,2025-01-10
C00733,San Francisca los altos,Zacatecas,2024-03-29
C00734,San Wilfrido los altos,Quintana Roo,2024-01-11
C00735,Nueva Haití,Baja California Sur,2023-11-05
C00736,San Víctor de la Montaña,Puebla,2024-04-17
C00737,San Elsa de la Montaña,Morelos,2024-07-23
C00738,Vieja República Checa,Baja California,2025-03-29
C00739,San Amelia de la Montaña,Puebla,2024-09-12
C00740,Vieja Finlandia,Chihuahua,2025-12-20
C00741,San Esmeralda los altos,Durango,2024-12-19
C00742,Nueva Bélgica,Chihuahua,2023-11-24
C00743,San Pamela de la Montaña,Colima,2026-06-09
C00744,Vieja Bosnia y Herzegovina,Tamaulipas,2023-10-05
C00745,Vieja Arabia Saudita,Distrito Federal,2024-06-06
C00746,Vieja Swazilandia,San Luis Potosí,2025-10-17
C00747,San Bruno de la Montaña,Tlaxcala,2025-11-18
C00748,Vieja Panamá,Baja California,2025-08-06
C00749,San Claudio los bajos,Baja California,2025-02-07
C00750,San Paola los altos,Colima,2026-04-03
C00751,Vieja Chipre,Aguascalientes,2026-03-04
C00752,Nueva Burundi,Sonora,2025-11-01
C00753,San Mario los altos,Aguascalientes,2024-08-31
C00754,San Violeta los bajos,Quintana Roo,2025-09-10
C00755,San Norma de la Montaña,Campeche,2024-10-05
C00756,Nueva Estonia,Chiapas,2023-10-28
C00757,San Miguel Ángel los bajos,Durango,2026-05-16
C00758,San Ignacio los bajos,Baja California,2024-07-11
C00759,San Salvador de la Montaña,Quintana Roo,2026-03-03
C00760,Vieja Islandia,San Luis Potosí,2023-07-01
C00761,San Luis Manuel los bajos,Campeche,2024-12-13
C00762,San Esparta de la Montaña,Coahuila de Zaragoza,2024-08-26
C00763,San Humberto de la Montaña,Hidalgo,2025-07-17
C00764,San Berta los bajos,Oaxaca,2024-09-24
C00765,Nueva Kuwait,Sonora,2024-03-02
C00766,Vieja Kiribati,Campeche,2026-04-15
C00767,San Emilia los altos,Querétaro,2025-05-16
C00768,San Gerónimo los bajos,Distrito Federal,2026-01-20
C00769,Nueva Cuba,Campeche,2024-07-08
C00770,San María Teresa de la Montaña,Durango,2026-03-28
C00771,San Hernán los bajos,Hidalgo,2025-05-21
C00772,Vieja Austria,Nuevo León,2026-04-26
C00773,San Maximiliano los bajos,México,2025-05-23
C00774,San Rolando de la Montaña,Guerrero,2024-07-24
C00775,San Renato los altos,México,2024-08-28
C00776,Nueva República Democrática del Congo,Coahuila de Zaragoza,2025-08-04
C00777,Vieja Brasil,Morelos,2025-08-27
C00778,San Sessa los altos,Durango,2025-11-12
C00779,Vieja Estados Unidos de América,Colima,2025-01-03
C00780,San Leonor de la Montaña,Veracruz de Ignacio de la Llave,2023-08-25
C00781,San Gilberto de la Montaña,Oaxaca,2024-05-01
C00782,Vieja Burundi,Nuevo León,2026-06-11
C00783,Nueva Jamaica,Sinaloa,2024-11-10
C00784,San Elena los altos,Quintana Roo,2025-12-06
C00785,Nueva Turquía,Michoacán de Ocampo,2023-12-13
C00786,Vieja El Salvador,Oaxaca,2024-04-27
C00787,San Gloria los bajos,Tabasco,2023-07-26
C00788,San José Emilio los altos,Quintana Roo,2023-08-07
C00789,San Marisol los bajos,Michoacán de Ocampo,2024-03-20
C00790,San Noelia los altos,Morelos,2026-01-30
C00791,San Jerónimo los altos,Oaxaca,2025-01-13
C00792,Nueva Mozambique,Jalisco,2025-08-06
C00793,Nueva Senegal,Veracruz de Ignacio de la Llave,2023-09-07
C00794,San Marcela los bajos,Chiapas,2024-12-24
C00795,San Ruby los altos,Morelos,2024-02-06
C00796,San Olga los altos,Zacatecas,2025-08-19
C00797,Nueva República Checa,Hidalgo,2023-08-30
C00798,Nueva Estonia,México,2024-09-29
C00799,Vieja Benin,México,2025-06-07
C00800,Nueva Jamaica,Sonora,2023-07-22
C00801,San Luis Manuel de la Montaña,Tabasco,2024-02-07
C00802,San Elvira los bajos,Baja California Sur,2024-01-01
C00803,San Samuel los altos,Veracruz de Ignacio de la Llave,2025-06-19
C00804,Nueva Austria,Distrito Federal,2024-07-26
C00805,San Evelio los altos,Baja California,2026-02-15
C00806,Nueva Reino Unido de Gran Bretaña e Irlanda del Norte,Veracruz de Ignacio de la Llave,2023-09-19
C00807,Vieja Colombia,Nuevo León,2024-07-15
C00808,Vieja Cuba,Durango,2026-01-20
C00809,San Lourdes los altos,Nuevo León,2026-03-04
C00810,Vieja Uzbekistán,Durango,2024-09-05
C00811,Vieja Bosnia y Herzegovina,Hidalgo,2025-06-29
C00812,San Dulce María de la Montaña,Hidalgo,2024-03-28
C00813,Nueva República Unida de Tanzanía,Tamaulipas,2025-05-30
C00814,San Natalia los altos,Nuevo León,2026-01-27
C00815,Vieja Rumania,Durango,2024-11-26
C00816,Vieja Bangladesh,Morelos,2024-03-24
C00817,San Angélica de la Montaña,Nuevo León,2025-04-06
C00818,San Martha los bajos,Veracruz de Ignacio de la Llave,2025-12-16
C00819,San Nelly de la Montaña,Guerrero,2024-07-16
C00820,Vieja Portugal,México,2025-09-14
C00821,San Héctor los bajos,Distrito Federal,2023-06-18
C00822,Vieja Antigua y Barbuda,Hidalgo,2026-04-13
C00823,San Esteban los bajos,San Luis Potosí,2025-06-16
C00824,Vieja Lesotho,Sonora,2023-07-20
C00825,San Jorge Luis los altos,Morelos,2023-07-24
C00826,Vieja Cabo Verde,México,2024-05-30
C00827,San Concepción los bajos,Oaxaca,2023-11-10
C00828,Vieja Irlanda,San Luis Potosí,2024-02-09
C00829,San Mauro los altos,Campeche,2024-11-25
C00830,Nueva Canadá,Jalisco,2025-03-21
C00831,San Mauricio los altos,Jalisco,2024-05-10
C00832,San Uriel los altos,Quintana Roo,2024-12-15
C00833,Vieja Burundi,Coahuila de Zaragoza,2023-12-31
C00834,San Rosalia de la Montaña,Baja California Sur,2025-07-21
C00835,San Octavio los altos,Sonora,2025-11-02
C00836,San Luisa los altos,Durango,2026-01-13
C00837,San Nayeli los altos,Guerrero,2024-10-03
C00838,San María del Carmen de la Montaña,Quintana Roo,2024-04-05
C00839,Nueva Georgia,Durango,2024-12-02
C00840,San Sara los altos,Baja California,2024-09-11
C00841,San Anabel los altos,Tabasco,2023-09-07
C00842,Vieja Armenia,Distrito Federal,2024-04-02
C00843,San José Manuél los altos,Coahuila de Zaragoza,2025-11-06
C00844,Nueva Eslovaquia,San Luis Potosí,2026-01-14
C00845,Nueva Congo,Veracruz de Ignacio de la Llave,2025-12-12
C00846,San Darío los bajos,Tlaxcala,2026-05-15
C00847,Vieja Niger,Campeche,2024-12-06
C00848,Nueva Alemania,Baja California Sur,2023-08-07
C00849,Nueva Antigua y Barbuda,Chiapas,2025-02-03
C00850,Nueva Reino Unido de Gran Bretaña e Irlanda del Norte,Campeche,2025-11-23
C00851,Nueva República de Corea,Colima,2026-03-24
C00852,Nueva Perú,México,2026-05-26
C00853,Vieja Omán,Veracruz de Ignacio de la Llave,2025-07-26
C00854,Nueva Maldivas,Veracruz de Ignacio de la Llave,2025-02-24
C00855,Vieja Lesotho,Hidalgo,2025-03-16
C00856,Vieja Gambia,Aguascalientes,2025-05-08
C00857,San Víctor de la Montaña,Tlaxcala,2023-06-30
C00858,San Luis Miguel los altos,Sinaloa,2025-06-15
C00859,San Jesús los bajos,Coahuila de Zaragoza,2025-01-06
C00860,San Hernán de la Montaña,Guerrero,2025-10-10
C00861,San Bernabé de la Montaña,Hidalgo,2025-11-14
C00862,San Luis de la Montaña,Baja California Sur,2026-05-08
C00863,San Eva de la Montaña,Veracruz de Ignacio de la Llave,2025-07-09
C00864,San Benjamín de la Montaña,Morelos,2023-08-24
C00865,San Isabel los altos,Michoacán de Ocampo,2024-10-27
C00866,San Jaime los altos,Veracruz de Ignacio de la Llave,2025-11-03
C00867,San Alvaro los bajos,Chihuahua,2024-02-25
C00868,San Mariana de la Montaña,Tamaulipas,2024-01-06
C00869,Vieja Rumania,Baja California,2024-09-03
C00870,San Georgina los bajos,Aguascalientes,2026-01-11
C00871,Vieja Alemania,Puebla,2023-11-29
C00872,San Andrés de la Montaña,Quintana Roo,2026-04-04
C00873,San Leonardo de la Montaña,México,2023-12-11
C00874,Nueva Emiratos Árabes Unidos,Colima,2026-04-21
C00875,San Emilia de la Montaña,Oaxaca,2023-07-20
C00876,San María Teresa los altos,Sonora,2026-04-22
C00877,Vieja Bhután,Puebla,2025-06-30
C00878,San Rodolfo de la Montaña,Jalisco,2026-03-02
C00879,Vieja Sudán del Sur,Veracruz de Ignacio de la Llave,2024-11-04
C00880,San Carla de la Montaña,Sonora,2024-04-06
C00881,San Irma los altos,Baja California,2023-07-30
C00882,Vieja Tonga,Baja California Sur,2025-08-03
C00883,Vieja Yemen,Nuevo León,2024-06-27
C00884,Vieja Bhután,Querétaro,2024-11-09
C00885,San Estela los altos,Durango,2025-10-06
C00886,San Adriana los bajos,Distrito Federal,2023-07-22
C00887,San Homero los altos,Morelos,2024-11-02
C00888,San Germán de la Montaña,Tlaxcala,2024-05-08
C00889,Nueva Vanuatu,Sinaloa,2025-02-08
C00890,San Ramiro los bajos,Nayarit,2023-08-23
C00891,San Nicolás de la Montaña,Chihuahua,2025-05-12
C00892,San Antonia de la Montaña,Chihuahua,2024-05-29
C00893,Nueva China,Oaxaca,2023-11-13
C00894,San Octavio de la Montaña,Michoacán de Ocampo,2025-06-18
C00895,Vieja China,Zacatecas,2023-07-27
C00896,San Alejandro de la Montaña,Morelos,2023-12-11
C00897,Vieja Finlandia,Querétaro,2024-10-21
C00898,Nueva Bhután,San Luis Potosí,2024-08-09
C00899,San Florencia los bajos,Distrito Federal,2023-08-15
C00900,Vieja Côte d'Ivoire,Veracruz de Ignacio de la Llave,2025-04-13
C00901,Nueva Dinamarca,México,2025-12-20
C00902,San Miguel los altos,Querétaro,2025-04-07
C00903,San Elias de la Montaña,Guanajuato,2025-09-28
C00904,San Gilberto los bajos,Sonora,2024-03-13
C00905,Nueva Suriname,Nayarit,2023-11-28
C00906,San Claudia los bajos,Chihuahua,2024-09-12
C00907,Vieja Yemen,Nuevo León,2025-10-18
C00908,San Mateo los altos,Puebla,2025-10-07
C00909,San Leonel los altos,Tlaxcala,2024-08-10
C00910,San Sofía de la Montaña,Colima,2024-09-19
C00911,San Barbara los altos,Tlaxcala,2023-08-27
C00912,San Espartaco de la Montaña,San Luis Potosí,2025-08-16
C00913,San Hernán los bajos,Guerrero,2025-07-05
C00914,Nueva Libia,Baja California Sur,2025-10-19
C00915,Vieja Omán,Tabasco,2023-11-14
C00916,Nueva Albania,Quintana Roo,2026-05-02
C00917,Vieja República Checa,Tamaulipas,2024-02-18
C00918,San Caridad los bajos,Campeche,2025-03-09
C00919,San Felipe los altos,Campeche,2023-07-21
C00920,San Renato los altos,Oaxaca,2024-09-14
C00921,Nueva Benin,Nuevo León,2025-12-23
C00922,San Gabino los altos,Durango,2026-01-19
C00923,Vieja Grecia,Baja California Sur,2024-12-29
C00924,San Antonia los altos,Quintana Roo,2026-01-15
C00925,San Rodolfo los bajos,Morelos,2023-08-22
C00926,San Virginia los altos,Coahuila de Zaragoza,2025-01-20
C00927,San Dolores de la Montaña,Guanajuato,2026-06-08
C00928,San Mariano los altos,México,2024-02-25
C00929,San Delia los bajos,Tabasco,2024-02-04
C00930,Vieja Alemania,Hidalgo,2023-06-26
C00931,Nueva Finlandia,Oaxaca,2024-08-11
C00932,San Amanda los bajos,Michoacán de Ocampo,2025-12-03
C00933,San Genaro los bajos,Zacatecas,2024-12-05
C00934,San Pedro los bajos,Tlaxcala,2026-02-12
C00935,Vieja Namibia,Yucatán,2023-12-09
C00936,Nueva China,Nuevo León,2025-03-22
C00937,San Dulce los bajos,Baja California Sur,2026-01-14
C00938,Nueva Liechtenstein,Distrito Federal,2023-07-31
C00939,San Linda los bajos,Zacatecas,2025-04-20
C00940,San Amalia de la Montaña,Chiapas,2023-08-12
C00941,San René de la Montaña,Sonora,2025-06-22
C00942,San Ramiro de la Montaña,Coahuila de Zaragoza,2023-09-02
C00943,Vieja Nicaragua,Zacatecas,2025-05-15
C00944,Nueva China,Tabasco,2023-11-01
C00945,Nueva Suiza,Nuevo León,2026-06-06
C00946,San Adriana los bajos,Michoacán de Ocampo,2023-10-07
C00947,Nueva República Unida de Tanzanía,Zacatecas,2026-03-16
C00948,San Enrique de la Montaña,Veracruz de Ignacio de la Llave,2025-06-29
C00949,San Carlos los altos,Hidalgo,2024-11-25
C00950,Vieja Dominicana,Oaxaca,2024-06-27
C00951,San Leonel de la Montaña,Guanajuato,2025-07-18
C00952,San Alfonso los altos,Colima,2026-02-11
C00953,Nueva Kenya,Zacatecas,2025-03-30
C00954,San Renato los altos,Yucatán,2024-09-02
C00955,Vieja Turkmenistán,Puebla,2024-09-11
C00956,San Úrsula los altos,Sonora,2024-10-31
C00957,San Gabriel los altos,Tabasco,2025-03-09
C00958,San Ángel los altos,Yucatán,2025-02-20
C00959,Vieja Costa Rica,México,2025-02-06
C00960,Vieja España,México,2026-02-20
C00961,San Jacobo los bajos,Zacatecas,2024-03-19
C00962,Vieja República Unida de Tanzanía,Coahuila de Zaragoza,2025-03-06
C00963,San Federico los altos,Chiapas,2023-12-07
C00964,Nueva Nueva Zelandia,Jalisco,2024-05-22
C00965,Vieja Uzbekistán,Chihuahua,2023-11-21
C00966,San Elvira los bajos,Colima,2023-12-11
C00967,Nueva Senegal,Puebla,2023-09-22
C00968,San Judith los altos,Aguascalientes,2023-07-11
C00969,San Benito de la Montaña,Puebla,2024-05-18
C00970,San Daniela los bajos,Guanajuato,2023-10-11
C00971,San Micaela los altos,Guanajuato,2026-03-21
C00972,Vieja Bhután,Distrito Federal,2023-12-10
C00973,San Wendolin los bajos,Baja California,2026-05-15
C00974,Nueva Mali,Tabasco,2024-11-20
C00975,Nueva Santa Lucía,Michoacán de Ocampo,2025-03-31
C00976,San Bruno los altos,Tabasco,2025-07-17
C00977,Nueva Jamaica,Campeche,2025-07-28
C00978,Vieja Tonga,Guanajuato,2026-02-09
C00979,San Concepción de la Montaña,Tabasco,2023-08-24
C00980,San Evelio los bajos,Chiapas,2023-10-29
C00981,Nueva República de Macedonia del Norte,Nuevo León,2023-08-02
C00982,Nueva Suecia,Distrito Federal,2024-03-24
C00983,Nueva Chile,Guerrero,2024-06-26
C00984,Vieja Gambia,Hidalgo,2026-04-20
C00985,Nueva Mali,Chihuahua,2023-09-09
C00986,San Marcos los bajos,Morelos,2024-11-07
C00987,Nueva Japón,Zacatecas,2023-07-09
C00988,San Lorena los bajos,Yucatán,2026-01-17
C00989,San Carlos de la Montaña,Quintana Roo,2023-07-29
C00990,San José Luis los altos,Guanajuato,2023-10-04
C00991,Vieja República Federal Democrática de Nepal,Michoacán de Ocampo,2024-07-05
C00992,San Gustavo los altos,Chihuahua,2023-12-04
C00993,Vieja Kazajstán,Durango,2024-03-26
C00994,Nueva Zambia,Chiapas,2025-01-17
C00995,Vieja Luxemburgo,Baja California,2025-05-01
C00996,San Dolores de la Montaña,Jalisco,2024-03-01
C00997,San Josefina los bajos,Colima,2025-07-11
C00998,Nueva Egipto,Durango,2023-11-23
C00999,San Camila los bajos,Baja California Sur,2023-12-06
C01000,Vieja Nigeria,Chiapas,2023-09-05
